phase,run,backend,case,mean_us,p50_us,p99_us,max_us
before,1,talon,projected_distinct,2948.79,2750.83,5387.50,5687.79
before,1,sqlite,projected_distinct,265.12,233.38,679.46,937.08
before,2,talon,projected_distinct,2731.11,2624.62,3943.33,4017.96
before,2,sqlite,projected_distinct,234.90,230.62,276.04,298.96
before,3,talon,projected_distinct,2810.13,2670.21,5146.21,5659.08
before,3,sqlite,projected_distinct,246.20,233.96,399.17,480.04
after,1,talon,projected_distinct,77.55,74.88,135.08,149.58
after,1,sqlite,projected_distinct,232.35,230.54,275.08,300.38
after,2,talon,projected_distinct,79.76,76.38,109.54,176.33
after,2,sqlite,projected_distinct,237.70,224.33,390.96,783.17
after,3,talon,projected_distinct,83.23,79.50,116.29,128.58
after,3,sqlite,projected_distinct,290.86,245.08,774.25,1041.21
after,1,talon,distinct_all_unique_scan,2813.63,2749.33,3462.88,3678.21
after,1,sqlite,distinct_all_unique_scan,1383.37,1349.58,1620.21,1717.50
after,1,talon,distinct_all_unique_indexed,1089.63,1046.50,1622.17,1915.46
after,1,sqlite,distinct_all_unique_indexed,865.50,859.62,957.83,1041.50
after,2,talon,distinct_all_unique_scan,6255.63,5033.17,17958.33,51255.25
after,2,sqlite,distinct_all_unique_scan,1411.18,1384.12,1838.33,1860.12
after,2,talon,distinct_all_unique_indexed,1091.21,1051.71,1777.46,1866.67
after,2,sqlite,distinct_all_unique_indexed,906.78,878.92,1136.21,1544.46
after,3,talon,distinct_all_unique_scan,2792.88,2683.17,3552.12,4186.38
after,3,sqlite,distinct_all_unique_scan,1388.24,1350.17,1665.62,2961.46
after,3,talon,distinct_all_unique_indexed,2121.04,1235.54,7126.62,17726.79
after,3,sqlite,distinct_all_unique_indexed,1098.58,898.96,2886.46,14884.88
