backend,case,mean_us,p50_us,p99_us,max_us
talon,indexed_pk,10.11,9.75,13.00,36.92
sqlite,indexed_pk,5.48,5.46,6.12,6.17
talon,count_1,719.67,641.71,1183.29,1223.62
sqlite,count_1,94.42,92.79,127.75,146.00
talon,in_subquery,1978.63,1943.50,2535.75,2585.21
sqlite,in_subquery,30.97,29.54,43.75,43.79
talon,projected_distinct,2751.98,2684.42,3426.54,4271.50
sqlite,projected_distinct,234.66,232.12,284.50,304.79
talon,filtered_join,7661.60,7443.12,9253.83,9367.38
sqlite,filtered_join,1479.54,1466.88,1625.62,1715.54
talon,group_having,3044.44,2956.83,3930.75,3981.42
sqlite,group_having,280.63,269.42,330.83,371.00
